[
  { "city": "Skopje", "country": "North Macedonia" },
  { "city": "Belgrade", "country": "Serbia" },
  { "city": "Sofia", "country": "Bulgaria" },
  { "city": "Athens", "country": "Greece" },
  { "city": "Thessaloniki", "country": "Greece" },
  { "city": "Tirana", "country": "Albania" },
  { "city": "Pristina", "country": "Kosovo" },
  { "city": "Sarajevo", "country": "Bosnia and Herzegovina" },
  { "city": "Zagreb", "country": "Croatia" },
  { "city": "Ljubljana", "country": "Slovenia" },
  { "city": "Budapest", "country": "Hungary" },
  { "city": "Bucharest", "country": "Romania" },
  { "city": "Vienna", "country": "Austria" },
  { "city": "Prague", "country": "Czechia" },
  { "city": "Bratislava", "country": "Slovakia" },
  { "city": "Warsaw", "country": "Poland" },
  { "city": "Krakow", "country": "Poland" },
  { "city": "Berlin", "country": "Germany" },
  { "city": "Munich", "country": "Germany" },
  { "city": "Hamburg", "country": "Germany" },
  { "city": "Zurich", "country": "Switzerland" },
  { "city": "Geneva", "country": "Switzerland" },
  { "city": "Paris", "country": "France" },
  { "city": "Lyon", "country": "France" },
  { "city": "Marseille", "country": "France" },
  { "city": "Madrid", "country": "Spain" },
  { "city": "Barcelona", "country": "Spain" },
  { "city": "Valencia", "country": "Spain" },
  { "city": "Lisbon", "country": "Portugal" },
  { "city": "Porto", "country": "Portugal" },
  { "city": "Rome", "country": "Italy" },
  { "city": "Milan", "country": "Italy" },
  { "city": "Naples", "country": "Italy" },
  { "city": "Turin", "country": "Italy" },
  { "city": "Amsterdam", "country": "Netherlands" },
  { "city": "Rotterdam", "country": "Netherlands" },
  { "city": "Brussels", "country": "Belgium" },
  { "city": "Ghent", "country": "Belgium" },
  { "city": "Copenhagen", "country": "Denmark" },
  { "city": "Stockholm", "country": "Sweden" },
  { "city": "Oslo", "country": "Norway" },
  { "city": "Helsinki", "country": "Finland" },
  { "city": "Dublin", "country": "Ireland" },
  { "city": "London", "country": "United Kingdom" },
  { "city": "Manchester", "country": "United Kingdom" },
  { "city": "Birmingham", "country": "United Kingdom" },
  { "city": "Edinburgh", "country": "United Kingdom" },
  { "city": "Reykjavik", "country": "Iceland" },
  { "city": "Tallinn", "country": "Estonia" },
  { "city": "Riga", "country": "Latvia" },
  { "city": "Vilnius", "country": "Lithuania" }
]


